<?xml version="1.0" encoding="UTF-8"?>
<!DOCTYPE mapper PUBLIC "-//mybatis.org//DTD Mapper 3.0//EN" "http://mybatis.org/dtd/mybatis-3-mapper.dtd">

<mapper namespace="com.kosmo.catpunch.mapper.CatUserMapper">

	<!-- cat_user 테이블 전체 컬럼 -->
	<sql id="catUserColumns">
		u_id
     , user_id
     , user_password
     , user_names
     , user_tel     
     , user_zipcode
     , user_streetAddr
     , user_detailedAddr
     , user_email
     , user_role
     , user_joindate
     , user_show
	</sql>
	
	<sql id="search">
		<if test="keyword != null and keyword != ''">
			and user_names LIKE CONCAT('%',#{keyword},'%')
		</if>
	</sql>
	
	<!-- 회원가입 -->
	<insert id="saveUser" parameterType="com.kosmo.catpunch.dto.CatUserDto">
		INSERT INTO cat_user(
			<include refid="catUserColumns"/>
		) VALUES(
			#{uId}
		  , #{userId}
		  , #{userPassword}
		  , #{userNames}
		  , #{userTel}
		  , #{userZipcode}
		  , #{userStreetAddr}
		  , #{userDetailedAddr}
		  , #{userEmail}
		  , #{userRole}
		  , NOW()
		  , 0
		)	
	</insert>
	
	<!-- 유저 정보 수정 -->
	<update id="updateUser" parameterType="com.kosmo.catpunch.dto.CatUserDto">
		UPDATE cat_user 
		SET
			user_tel = #{userTel}
		  , user_email = #{userEmail}
		  , user_zipcode = #{userZipcode}
		  , user_streetAddr = #{userStreetAddr}
		  , user_detailedAddr = #{userDetailedAddr}
		WHERE
			user_id = #{userId}	
	</update>
	
	<!-- 유저 삭제 및 유저 탈퇴 -->
	<update id="deleteUser" parameterType="com.kosmo.catpunch.dto.CatUserDto">
		UPDATE
			cat_user
		SET
			user_show = 1
		WHERE
			u_id = #{uId}
	</update>
	
	<!-- 비밀번호 변경 -->
	<update id="updatePwd" parameterType="com.kosmo.catpunch.dto.CatUserDto">
		UPDATE cat_user 
		SET
			user_password = #{userPassword}
		WHERE
			user_id = #{userId}	
	</update>		
	
	<!-- 로그인 -->
	<select id="loginUser" parameterType="com.kosmo.catpunch.dto.CatUserDto" resultType="com.kosmo.catpunch.dto.CatUserDto">
		SELECT 
			<include refid="catUserColumns" />
		FROM
			cat_user
		WHERE
			user_id = #{userId} AND user_show = 0;
	</select>
	
	<!-- 유저 정보 변경 페이지 데이터 -->
	<select id="userInfo" parameterType="String" resultType="com.kosmo.catpunch.dto.CatUserDto">
		SELECT
			u_id, user_id, user_names, user_tel, user_email, user_zipcode, user_streetAddr, user_detailedAddr
		FROM
			cat_user
		WHERE
			user_id = #{userId}
	</select>
	
	<!-- 회원가입 시 DB 아이디 중복 체크 -->
	<select id="idCheck" parameterType="com.kosmo.catpunch.dto.CatUserDto" resultType="int">
		SELECT 
			COUNT(user_id) 
		FROM 
			cat_user 
		WHERE 
			user_id = #{userId} and user_show=0
	</select>
	
	<!-- 회원가입시 DB 이메일 중복 체크 -->
	<select id="emailCheck" parameterType="com.kosmo.catpunch.dto.CatUserDto" resultType="int">
		SELECT 
			COUNT(user_email) 
		FROM 
			cat_user 
		WHERE 
			user_email = #{userEmail} and user_show=0
	</select>
	
	<!-- 유저 정보 변경시 이메일 중복 체크 -->
	<select id="myEmailCheck" parameterType="com.kosmo.catpunch.dto.CatUserDto" resultType="String">
		SELECT 
			user_id  
		FROM 
			cat_user 
		WHERE 
			user_email = #{userEmail} and user_show=0
	</select>
	
	<!-- 아이디 찾기 -->
	<select id="findUserId" parameterType="com.kosmo.catpunch.dto.CatUserDto" resultType="String">
		SELECT 
			user_id 
		FROM 
			cat_user 
		WHERE 
			user_tel=#{userTel} AND user_email = #{userEmail}  AND user_show=0
	</select>
	
	<!-- 관리자 유저관리 유저 DB 가져오기 -->
	<select id="findAll" parameterType="com.kosmo.catpunch.dto.CatUserSearchDto" resultType="com.kosmo.catpunch.dto.CatUserDto">
		SELECT
			<include refid="catUserColumns"/>
		FROM
			cat_user
		WHERE
			user_show = 0
			<include refid="search"/>
		ORDER BY
			u_id desc
		LIMIT
			#{pagination.limitStart}, #{recordSize}
	</select>
	
	<!-- 관리자 유저관리페이지 카운팅 -->
	<select id="count" parameterType="com.kosmo.catpunch.dto.CatUserSearchDto" resultType="int">
		SELECT
			COUNT(*)
		FROM
			cat_user
		WHERE
			user_show=0
			<include refid="search"/>
	</select>
</mapper>
